Biodegradeable,Breastcancer,Clean2,Climate,German_credit,Hepatitis,Ionosphere,Madelon,Uci_imageseg,Uci_parkinsons,Uci_voice,Urbanland,Wine
0.004391397206490456,0.00906848253555249,0.0036389692056604593,0.06436443743781775,0.010846972802733529,0.12122453080120207,0.02043974680354741,0.016473656921825394,0.013984896619457543,0.02464682880223708,0.04202598903436228,0.010745422113874218,0.021765875775404026
