Biodegradeable,Breastcancer,Clean2,Climate,German_credit,Hepatitis,Ionosphere,Madelon,Uci_imageseg,Uci_parkinsons,Uci_voice,Urbanland,Wine
0.005894429129642545,0.00743934921446846,0.004189705597537208,0.07146936426122183,0.01623375553691498,0.12431992860814717,0.023710864303170733,0.01648747006672544,0.01727579868960576,0.021983473847148317,0.03662214064351735,0.013210432362628484,0.026236055028005235
