Biodegradeable,Breastcancer,Clean2,Climate,German_credit,Hepatitis,Ionosphere,Madelon,Uci_imageseg,Uci_parkinsons,Uci_voice,Urbanland,Wine
0.025841482074220292,0.011385827668703682,0.00998179173349952,0.01241916678003377,0.1421159399263092,0.06675167617193281,0.026328531446015668,0.014042537469945104,0.04058717121231349,0.029117843265845957,0.03237183750148496,0.011658207813547355,0.025942691281052983
