Biodegradeable,Breastcancer,Clean2,Climate,German_credit,Hepatitis,Ionosphere,Madelon,Uci_imageseg,Uci_parkinsons,Uci_voice,Urbanland,Wine
0.020748986326944874,0.00820601235792041,0.009294965937589134,0.03879027278425213,0.06727652612125841,0.04803609444209599,0.018818970773091585,0.012074878351990765,0.02529630921618047,0.032960097926447864,0.027103233072284447,0.011232020108396938,0.023176619824150615
