Biodegradeable,Breastcancer,Clean2,Climate,German_credit,Hepatitis,Ionosphere,Madelon,Uci_imageseg,Uci_parkinsons,Uci_voice,Urbanland,Wine
0.007081298153619548,0.00812902229951872,0.0037519393426554332,0.06451329785910628,0.024411672881549464,0.08934515436650449,0.017151438372484992,0.012170910804730083,0.020594767493201337,0.02357963627817637,0.02228131686563891,0.013749283259954613,0.023420966339183755
