Biodegradeable,Breastcancer,Clean2,Climate,German_credit,Hepatitis,Ionosphere,Madelon,Uci_imageseg,Uci_parkinsons,Uci_voice,Urbanland,Wine
0.00793101067480707,0.007988807283225968,0.005379972523980627,0.06598447090223941,0.024177590189107426,0.11361562079511074,0.02116632847829275,0.018194628857485923,0.013160335569818996,0.02521553928369243,0.04793501253832133,0.015642978051936943,0.022162267571351847
