Biodegradeable,Breastcancer,Clean2,Climate,German_credit,Hepatitis,Ionosphere,Madelon,Uci_imageseg,Uci_parkinsons,Uci_voice,Urbanland,Wine
0.0017267231510871804,0.0013885643282558974,0.0001645741547937816,0.0037668353012179404,0.0029771465419253787,0.012485004905973488,0.00660681545718389,0.0022068190749247305,0.005564533018722468,0.0037006584992393355,0.00037870515613440024,0.0013954573904845266,0.006182507005656594
