Biodegradeable,Breastcancer,Clean2,Climate,German_credit,Hepatitis,Ionosphere,Madelon,Uci_imageseg,Uci_parkinsons,Uci_voice,Urbanland,Wine
0.006491289332401064,0.006903208992896335,0.0023329598704553483,0.03593769859261902,0.02700176664079554,0.055836594985708046,0.015444763170017877,0.0034368233095172875,0.030037765284954845,0.02614318403818006,0.019931021763249113,0.004727762953642581,0.02261029003833307
