Biodegradeable,Breastcancer,Clean2,Climate,German_credit,Hepatitis,Ionosphere,Madelon,Uci_imageseg,Uci_parkinsons,Uci_voice,Urbanland,Wine
0.006250358307570051,0.007954127150354538,0.0013430599847444242,0.06305413517183235,0.012644352847010524,0.12023102603659096,0.018148895460364627,0.006819219264626578,0.017728816701544678,0.02276746761210463,0.023869450087683923,0.005518409366364751,0.022892741434166138
