Biodegradeable,Breastcancer,Clean2,Climate,German_credit,Hepatitis,Ionosphere,Madelon,Uci_imageseg,Uci_parkinsons,Uci_voice,Urbanland,Wine
0.006516011215793476,0.006679028707434654,0.0013042579983404408,0.06514055012841899,0.012401258624409914,0.08373613868668645,0.014015862921677965,0.003459813439151334,0.019213492621936397,0.018479433084958384,0.017457835929509,0.005994173432824335,0.02274500254104669
