Biodegradeable,Breastcancer,Clean2,Climate,German_credit,Hepatitis,Ionosphere,Madelon,Uci_imageseg,Uci_parkinsons,Uci_voice,Urbanland,Wine
0.006392117665776207,0.006609058206437838,0.0017341977252309118,0.06945409930221798,0.015462973632667801,0.11419520394906413,0.02170146755050002,0.008537435591177322,0.02165766986232907,0.021057741741952234,0.02315525591398711,0.006089999362504767,0.02182183184568446
