Biodegradeable,Breastcancer,Clean2,Climate,German_credit,Hepatitis,Ionosphere,Madelon,Uci_imageseg,Uci_parkinsons,Uci_voice,Urbanland,Wine
0.008544161263403216,0.00937634282151474,0.0027096179392829605,0.0637418049781047,0.015484655775938484,0.12080227035990547,0.022276442472658944,0.013332125848864201,0.017598412648101483,0.02182358413256564,0.032426233670072066,0.008298559701278031,0.024255273847366518
