f1_macro,accuracy,mcr,size,vector
0.890625,0.890625,0.890625,0.890625,0.890625,0.890625,0.828125,0.890625,0.890625,0.875,0.875,0.890625,0.890625,0.859375,0.890625,0.890625,0.890625,0.890625,0.875,0.890625,0.890625,0.890625,0.890625,0.875,0.875,0.875,0.890625,0.859375,0.875,0.875,0.875,0.875
0.812267634326458,0.7965408172838514,0.8603601440576231,0.7965408172838514,0.8603601440576231,0.8420824310585477,0.6803184431667404,0.8230956350151396,0.7965408172838514,0.84593837535014,0.7931733228408419,0.8266217013121038,0.8420824310585477,0.8406291747468219,0.799657231313578,0.7965408172838514,0.8596148985910154,0.8083988867506164,0.8106442577030812,0.8450482023473006,0.8425961689023435,0.8573841657875272,0.7834500466853409,0.8228651995915423,0.7834500466853409,0.8261049874495253,0.8122643794359848,0.8080801551389786,0.8373960920400548,0.8373960920400548
0.8095238095238095,0.7936507936507936,0.8571428571428571,0.7936507936507936,0.8571428571428571,0.8412698412698413,0.6825396825396826,0.8253968253968254,0.7936507936507936,0.8412698412698413,0.7936507936507936,0.8253968253968254,0.8412698412698413,0.8412698412698413,0.7936507936507936,0.7936507936507936,0.8571428571428571,0.8095238095238095,0.8095238095238095,0.8412698412698413,0.8412698412698413,0.8571428571428571,0.7777777777777778,0.8253968253968254,0.7777777777777778,0.8253968253968254,0.8095238095238095,0.8095238095238095,0.8412698412698413,0.8412698412698413
0.19047619047619047,0.2063492063492064,0.1428571428571429,0.2063492063492064,0.1428571428571429,0.15873015873015872,0.31746031746031744,0.17460317460317465,0.2063492063492064,0.15873015873015872,0.2063492063492064,0.17460317460317465,0.15873015873015872,0.15873015873015872,0.2063492063492064,0.2063492063492064,0.1428571428571429,0.19047619047619047,0.19047619047619047,0.15873015873015872,0.15873015873015872,0.1428571428571429,0.2222222222222222,0.17460317460317465,0.2222222222222222,0.17460317460317465,0.19047619047619047,0.19047619047619047,0.15873015873015872,0.15873015873015872
12.0,11.0,14.0,14.0,12.0,12.0,2.0,14.0,11.0,10.0,12.0,12.0,13.0,16.0,13.0,14.0,11.0,15.0,12.0,10.0,14.0,13.0,11.0,13.0,11.0,12.0,11.0,11.0,14.0,17.0

