f1_macro,accuracy,mcr,size,vector
0.9391504018369691,0.9179566563467492,0.9059820636641372,0.9169604386995691,0.8603425559947299,0.92687493840544,0.8948412698412698,0.9047048246928379,0.9391504018369691,0.9158730158730158,0.8933601609657948,0.891748366013072,0.8948412698412698,0.8335949764521193,0.8948412698412698,0.92687493840544,0.924799837843316,0.9277858880778589,0.92687493840544,0.92687493840544,0.937720329024677,0.8962005483744614,0.9047048246928379,0.9047048246928379,0.891748366013072,0.8700980392156863,0.8933601609657948,0.8835281190690241,0.92687493840544,0.9047048246928379,0.9477678131467429,0.9158730158730158
0.8818283166109253,0.8818283166109253,0.8433277027027027,0.8043643469764412,0.8140350877192983,0.8754406580493537,0.8700980392156863,0.85578231292517,0.8818283166109253,0.8899958488999584,0.8679950186799501,0.8899958488999584,0.8679950186799501,0.8043643469764412,0.8899958488999584,0.8779696493982208,0.8433277027027027,0.8799794132784354,0.8754406580493537,0.8679950186799501,0.8145136387030365,0.8532012357515714,0.8779696493982208,0.8899958488999584,0.8779696493982208,0.8335949764521193,0.9133986928104575,0.8899958488999584,0.8679950186799501,0.8779696493982208
0.8962264150943396,0.8962264150943396,0.8679245283018868,0.839622641509434,0.8490566037735849,0.8867924528301887,0.8867924528301887,0.8773584905660378,0.8962264150943396,0.9056603773584906,0.8867924528301887,0.9056603773584906,0.8867924528301887,0.839622641509434,0.9056603773584906,0.8962264150943396,0.8679245283018868,0.8962264150943396,0.8867924528301887,0.8867924528301887,0.839622641509434,0.8773584905660378,0.8962264150943396,0.9056603773584906,0.8962264150943396,0.8584905660377359,0.9245283018867925,0.9056603773584906,0.8867924528301887,0.8962264150943396
0.10377358490566035,0.10377358490566035,0.13207547169811318,0.160377358490566,0.15094339622641506,0.1132075471698113,0.1132075471698113,0.12264150943396224,0.10377358490566035,0.09433962264150941,0.1132075471698113,0.09433962264150941,0.1132075471698113,0.160377358490566,0.09433962264150941,0.10377358490566035,0.13207547169811318,0.10377358490566035,0.1132075471698113,0.1132075471698113,0.160377358490566,0.12264150943396224,0.10377358490566035,0.09433962264150941,0.10377358490566035,0.14150943396226412,0.07547169811320753,0.09433962264150941,0.1132075471698113,0.10377358490566035
3.0,3.0,5.0,9.0,23.0,4.0,6.0,9.0,3.0,11.0,6.0,7.0,6.0,10.0,8.0,6.0,5.0,7.0,3.0,8.0,3.0,18.0,14.0,9.0,10.0,6.0,7.0,9.0,6.0,11.0

