f1_macro,accuracy,mcr,size,vector
0.9841109709962169,0.9521882114849483,0.9521882114849483,0.9681818181818183,0.9521882114849483,0.9521882114849483,0.9364919354838709,0.936105476673428,0.9205548549810845,0.9041582150101419,0.8878718535469108,0.8534505040062033,0.8727272727272728,0.825220680958386,0.9681818181818183,1.0,0.9523329129886507,0.9840627371616493,0.9840627371616493,0.9521882114849483,0.9681818181818183,0.936105476673428,0.9047379032258065,0.919908466819222,0.8884391601315457,0.8571428571428572,0.8703703703703703,0.8412298387096775,0.9523329129886507,0.968052738336714,0.968052738336714,0.9681818181818183
0.7231842853450505,0.7454545454545454,0.712474645030426,0.7290665317480395,0.8237986270022883,0.7276887871853547,0.7928155831014421,0.7347368421052631,0.7580025608194623,0.6971153846153846,0.7290665317480395,0.7257362355953905,0.8035343035343037,0.6906177306797621,0.7380457380457379,0.712474645030426,0.7928155831014421,0.6254846213491859,0.791762013729977,0.6870588235294117,0.7557508400103385,0.7053014553014553,0.7053014553014553,0.7107142857142856,0.7257362355953905,0.8010526315789472,0.665317480394637,0.7529411764705882,0.7707900207900208,0.7883173946756268
0.7301587301587301,0.746031746031746,0.7142857142857143,0.7301587301587301,0.8253968253968254,0.7301587301587301,0.7936507936507936,0.746031746031746,0.7619047619047619,0.7142857142857143,0.7301587301587301,0.7301587301587301,0.8095238095238095,0.6984126984126984,0.746031746031746,0.7142857142857143,0.7936507936507936,0.6349206349206349,0.7936507936507936,0.6984126984126984,0.7619047619047619,0.7142857142857143,0.7142857142857143,0.7142857142857143,0.7301587301587301,0.8095238095238095,0.6666666666666666,0.7619047619047619,0.7777777777777778,0.7936507936507936
0.2698412698412699,0.25396825396825395,0.2857142857142857,0.2698412698412699,0.17460317460317465,0.2698412698412699,0.2063492063492064,0.25396825396825395,0.23809523809523814,0.2857142857142857,0.2698412698412699,0.2698412698412699,0.19047619047619047,0.3015873015873016,0.25396825396825395,0.2857142857142857,0.2063492063492064,0.3650793650793651,0.2063492063492064,0.3015873015873016,0.23809523809523814,0.2857142857142857,0.2857142857142857,0.2857142857142857,0.2698412698412699,0.19047619047619047,0.33333333333333337,0.23809523809523814,0.2222222222222222,0.2063492063492064
16.0,25.0,29.0,21.0,28.0,26.0,21.0,29.0,29.0,31.0,25.0,20.0,23.0,30.0,24.0,27.0,26.0,23.0,32.0,25.0,29.0,25.0,24.0,22.0,21.0,23.0,23.0,24.0,33.0,21.0

