f1_macro,accuracy,mcr,size,vector
0.9365079365079365,0.9365079365079365,0.9523809523809523,0.8888888888888888,0.9206349206349206,0.9047619047619048,0.9047619047619048,0.9365079365079365,0.8888888888888888,0.8888888888888888,0.9047619047619048,0.8253968253968254,0.873015873015873,0.7777777777777778,0.9365079365079365,0.9365079365079365,0.9206349206349206,0.8888888888888888,0.9523809523809523,0.9047619047619048,0.9523809523809523,0.8888888888888888,0.9682539682539683,0.873015873015873,0.8412698412698413,0.8095238095238095,0.8095238095238095,0.7777777777777778,0.9206349206349206,0.8888888888888888,0.9206349206349206,0.9206349206349206
0.7557508400103385,0.776369168356998,0.7883173946756268,0.7644230769230769,0.6785714285714286,0.8237986270022883,0.791762013729977,0.7934426229508197,0.7083333333333333,0.6805273833671399,0.6021052631578947,0.7015789473684211,0.7107142857142856,0.7290665317480395,0.7749999999999999,0.7731481481481481,0.791762013729977,0.84026369168357,0.7428571428571429,0.6181818181818182,0.7936507936507937,0.7276887871853547,0.808316430020284,0.6934699103713189,0.8055555555555555,0.6906177306797621,0.7529411764705882,0.7902688860435338,0.8071428571428572,0.7557508400103385
0.7619047619047619,0.7777777777777778,0.7936507936507936,0.7777777777777778,0.6825396825396826,0.8253968253968254,0.7936507936507936,0.7936507936507936,0.7142857142857143,0.6825396825396826,0.6190476190476191,0.7142857142857143,0.7142857142857143,0.7301587301587301,0.7777777777777778,0.7777777777777778,0.7936507936507936,0.8412698412698413,0.746031746031746,0.6190476190476191,0.7936507936507936,0.7301587301587301,0.8095238095238095,0.6984126984126984,0.8095238095238095,0.6984126984126984,0.7619047619047619,0.7936507936507936,0.8095238095238095,0.7619047619047619
0.23809523809523814,0.2222222222222222,0.2063492063492064,0.2222222222222222,0.31746031746031744,0.17460317460317465,0.2063492063492064,0.2063492063492064,0.2857142857142857,0.31746031746031744,0.38095238095238093,0.2857142857142857,0.2857142857142857,0.2698412698412699,0.2222222222222222,0.2222222222222222,0.2063492063492064,0.15873015873015872,0.25396825396825395,0.38095238095238093,0.2063492063492064,0.2698412698412699,0.19047619047619047,0.3015873015873016,0.19047619047619047,0.3015873015873016,0.23809523809523814,0.2063492063492064,0.19047619047619047,0.23809523809523814
30.0,10.0,19.0,8.0,11.0,11.0,28.0,12.0,9.0,25.0,8.0,10.0,28.0,20.0,6.0,10.0,9.0,20.0,20.0,16.0,9.0,12.0,11.0,10.0,9.0,14.0,9.0,15.0,12.0,11.0

