f1_macro,accuracy,mcr,size,vector
0.936105476673428,0.968052738336714,0.8884391601315457,0.936105476673428,0.8884391601315457,0.9521882114849483,0.920313685808247,0.856998738965952,0.936105476673428,0.9205548549810845,0.8558352402745996,0.872983870967742,0.872983870967742,0.7934426229508197,0.9205548549810845,0.8884391601315457,0.9521882114849483,0.9041582150101419,0.8722109533468559,0.8558352402745996,0.8887767969735183,0.888888888888889,0.920313685808247,0.9045454545454545,0.8722109533468559,0.8727272727272728,0.8887767969735183,0.8246901087781432,0.8884391601315457,0.9047379032258065,0.9047379032258065,0.9357142857142857
0.7580025608194623,0.8055555555555555,0.7142137096774193,0.6352631578947369,0.7597254004576659,0.7347368421052631,0.7557508400103385,0.6971920060713384,0.7161410018552876,0.7902688860435338,0.7678947368421054,0.7883173946756268,0.7529411764705882,0.7380457380457379,0.7772727272727273,0.7053014553014553,0.7107142857142856,0.6870588235294117,0.665317480394637,0.6759259259259258,0.7290665317480395,0.7083333333333333,0.7902688860435338,0.7444219066937121,0.7407407407407407,0.7883173946756268,0.853450504006203,0.7928155831014421,0.8237986270022883,0.7707900207900208
0.7619047619047619,0.8095238095238095,0.7142857142857143,0.6507936507936508,0.7619047619047619,0.746031746031746,0.7619047619047619,0.6984126984126984,0.7301587301587301,0.7936507936507936,0.7777777777777778,0.7936507936507936,0.7619047619047619,0.746031746031746,0.7777777777777778,0.7142857142857143,0.7142857142857143,0.6984126984126984,0.6666666666666666,0.6825396825396826,0.7301587301587301,0.7142857142857143,0.7936507936507936,0.746031746031746,0.746031746031746,0.7936507936507936,0.8571428571428571,0.7936507936507936,0.8253968253968254,0.7777777777777778
0.23809523809523814,0.19047619047619047,0.2857142857142857,0.3492063492063492,0.23809523809523814,0.25396825396825395,0.23809523809523814,0.3015873015873016,0.2698412698412699,0.2063492063492064,0.2222222222222222,0.2063492063492064,0.23809523809523814,0.25396825396825395,0.2222222222222222,0.2857142857142857,0.2857142857142857,0.3015873015873016,0.33333333333333337,0.31746031746031744,0.2698412698412699,0.2857142857142857,0.2063492063492064,0.25396825396825395,0.25396825396825395,0.2063492063492064,0.1428571428571429,0.2063492063492064,0.17460317460317465,0.2222222222222222
24.0,28.0,28.0,36.0,31.0,22.0,30.0,35.0,23.0,30.0,19.0,29.0,33.0,30.0,37.0,35.0,30.0,30.0,32.0,35.0,30.0,38.0,29.0,32.0,24.0,24.0,24.0,27.0,30.0,31.0

