dataset,best_solution
Biodegradeable,0.12390910183365278
Climate,0.2716912972085386
Connectionistbench,0.07455420902514155
Hepatitis,0.16681632241523361
Ionosphere,0.08437876787775368
Sonar,0.05985535772343093
Uci_imageseg,0.18927750410509042
Uci_libras,0.05185111288836236
Uci_muskv1,0.02334563514237364
Uci_parkinsons,0.22971554626726998
Uci_vehicle,0.4170543696405758
Uci_voice,0.014961714327243835
Urbanland,0.04664844960219883
Wine,0.3110816386678452
