f1_macro,accuracy,mcr,size,vector
0.8829986999855555,0.8916387959866221,0.8916387959866221,0.8916387959866221,0.8537025888019265,0.9349832775919732,0.8916387959866221,0.8537025888019265,0.848294314381271,0.8217821782178217,0.8537025888019265,0.8217821782178217,0.6802631578947369,0.7561709813365443,0.8916387959866221,0.9349832775919732,0.848294314381271,0.9349832775919732,0.9349832775919732,0.8916387959866221,0.8916387959866221,0.8916387959866221,0.8217821782178217,0.8537025888019265,0.7561709813365443,0.7484037963761864,0.7335526315789473,0.7058823529411764,0.8916387959866221,0.9349832775919732,0.8916387959866221,0.8537025888019265
0.6055194805194806,0.6924935289042278,0.6924935289042278,0.6924935289042278,0.6470588235294118,0.6470588235294118,0.6470588235294118,0.6924935289042278,0.6470588235294118,0.6585552787890401,0.6470588235294118,0.6470588235294118,0.6585552787890401,0.6924935289042278,0.6470588235294118,0.6055194805194806,0.6470588235294118,0.6470588235294118,0.6924935289042278,0.6924935289042278,0.6470588235294118,0.6055194805194806,0.6470588235294118,0.6924935289042278,0.6924935289042278,0.6924935289042278,0.6470588235294118,0.6470588235294118,0.6470588235294118,0.6924935289042278
0.9259259259259259,0.9320987654320988,0.9320987654320988,0.9320987654320988,0.9259259259259259,0.9259259259259259,0.9259259259259259,0.9320987654320988,0.9259259259259259,0.9320987654320988,0.9259259259259259,0.9259259259259259,0.9320987654320988,0.9320987654320988,0.9259259259259259,0.9259259259259259,0.9259259259259259,0.9259259259259259,0.9320987654320988,0.9320987654320988,0.9259259259259259,0.9259259259259259,0.9259259259259259,0.9320987654320988,0.9320987654320988,0.9320987654320988,0.9259259259259259,0.9259259259259259,0.9259259259259259,0.9320987654320988
0.07407407407407407,0.0679012345679012,0.0679012345679012,0.0679012345679012,0.07407407407407407,0.07407407407407407,0.07407407407407407,0.0679012345679012,0.07407407407407407,0.0679012345679012,0.07407407407407407,0.07407407407407407,0.0679012345679012,0.0679012345679012,0.07407407407407407,0.07407407407407407,0.07407407407407407,0.07407407407407407,0.0679012345679012,0.0679012345679012,0.07407407407407407,0.07407407407407407,0.07407407407407407,0.0679012345679012,0.0679012345679012,0.0679012345679012,0.07407407407407407,0.07407407407407407,0.07407407407407407,0.0679012345679012
9.0,7.0,7.0,7.0,4.0,7.0,6.0,7.0,7.0,8.0,6.0,6.0,4.0,7.0,7.0,8.0,7.0,7.0,7.0,7.0,6.0,11.0,6.0,7.0,7.0,7.0,6.0,7.0,6.0,7.0

