f1_macro,accuracy,mcr,size,vector
0.9150943396226415,0.9339622641509434,0.9056603773584906,0.9245283018867925,0.9150943396226415,0.9339622641509434,0.9339622641509434,0.9056603773584906,0.9150943396226415,0.9245283018867925,0.9339622641509434,0.9150943396226415,0.8773584905660378,0.8773584905660378,0.8867924528301887,0.9245283018867925,0.9245283018867925,0.9150943396226415,0.9339622641509434,0.9339622641509434,0.9339622641509434,0.9245283018867925,0.8962264150943396,0.8962264150943396,0.9150943396226415,0.9150943396226415,0.8962264150943396,0.8773584905660378,0.9056603773584906,0.9339622641509434,0.9339622641509434,0.8962264150943396
0.9047048246928379,0.8754406580493537,0.8306168104825822,0.9258815303166517,0.8962005483744614,0.8657094594594594,0.8657094594594594,0.8623514134452103,0.891748366013072,0.9133986928104575,0.9258815303166517,0.8507042253521127,0.858017604286261,0.8484477124183006,0.858157488419969,0.8818283166109253,0.8080482897384307,0.9258815303166517,0.9146881287726358,0.924799837843316,0.858017604286261,0.7353164694387145,0.9018013381369017,0.9258815303166517,0.9369047619047619,0.8818283166109253,0.8433034394402286,0.8657094594594594,0.92687493840544,0.8459941884599418
0.9150943396226415,0.8867924528301887,0.8584905660377359,0.9339622641509434,0.9056603773584906,0.8867924528301887,0.8867924528301887,0.8773584905660378,0.9056603773584906,0.9245283018867925,0.9339622641509434,0.8679245283018868,0.8679245283018868,0.8679245283018868,0.8773584905660378,0.8962264150943396,0.8301886792452831,0.9339622641509434,0.9245283018867925,0.9339622641509434,0.8679245283018868,0.7830188679245284,0.9150943396226415,0.9339622641509434,0.9433962264150944,0.8962264150943396,0.8584905660377359,0.8867924528301887,0.9339622641509434,0.8679245283018868
0.08490566037735847,0.1132075471698113,0.14150943396226412,0.06603773584905659,0.09433962264150941,0.1132075471698113,0.1132075471698113,0.12264150943396224,0.09433962264150941,0.07547169811320753,0.06603773584905659,0.13207547169811318,0.13207547169811318,0.13207547169811318,0.12264150943396224,0.10377358490566035,0.16981132075471694,0.06603773584905659,0.07547169811320753,0.06603773584905659,0.13207547169811318,0.21698113207547165,0.08490566037735847,0.06603773584905659,0.05660377358490565,0.10377358490566035,0.14150943396226412,0.1132075471698113,0.06603773584905659,0.13207547169811318
4.0,3.0,5.0,6.0,2.0,3.0,3.0,3.0,5.0,5.0,4.0,6.0,2.0,4.0,5.0,3.0,2.0,4.0,4.0,5.0,2.0,4.0,8.0,4.0,3.0,3.0,2.0,3.0,4.0,4.0

