f1_macro,accuracy,mcr,size,vector
0.8361981799797775,0.8361981799797775,0.8537025888019265,0.8537025888019265,0.865,0.8537025888019265,0.8537025888019265,0.8217821782178217,0.8361981799797775,0.8361981799797775,0.8361981799797775,0.7909137842023748,0.8916387959866221,0.7708628005657707,0.8829986999855555,0.9349832775919732,0.865,0.8049367850692354,0.8049367850692354,0.8361981799797775,0.7484037963761864,0.7484037963761864,0.8361981799797775,0.8361981799797775,0.8049367850692354,0.8361981799797775,0.848294314381271,0.7868421052631579,0.865,0.7868421052631579,0.8361981799797775,0.8916387959866221
0.6802631578947369,0.7058823529411764,0.6924935289042278,0.6924935289042278,0.7484037963761864,0.545631067961165,0.6365832614322691,0.6055194805194806,0.6802631578947369,0.6802631578947369,0.6924935289042278,0.6585552787890401,0.6470588235294118,0.6055194805194806,0.6470588235294118,0.7484037963761864,0.6055194805194806,0.6055194805194806,0.6470588235294118,0.4774193548387096,0.7058823529411764,0.6269736842105263,0.6802631578947369,0.6055194805194806,0.6924935289042278,0.6924935289042278,0.7484037963761864,0.545631067961165,0.6055194805194806,0.6470588235294118
0.9259259259259259,0.9382716049382716,0.9320987654320988,0.9320987654320988,0.9444444444444444,0.9197530864197531,0.9197530864197531,0.9259259259259259,0.9259259259259259,0.9259259259259259,0.9320987654320988,0.9320987654320988,0.9259259259259259,0.9259259259259259,0.9259259259259259,0.9444444444444444,0.9259259259259259,0.9259259259259259,0.9259259259259259,0.9135802469135802,0.9382716049382716,0.9135802469135802,0.9259259259259259,0.9259259259259259,0.9320987654320988,0.9320987654320988,0.9444444444444444,0.9197530864197531,0.9259259259259259,0.9259259259259259
0.07407407407407407,0.06172839506172845,0.0679012345679012,0.0679012345679012,0.05555555555555558,0.08024691358024694,0.08024691358024694,0.07407407407407407,0.07407407407407407,0.07407407407407407,0.0679012345679012,0.0679012345679012,0.07407407407407407,0.07407407407407407,0.07407407407407407,0.05555555555555558,0.07407407407407407,0.07407407407407407,0.07407407407407407,0.0864197530864198,0.06172839506172845,0.0864197530864198,0.07407407407407407,0.07407407407407407,0.0679012345679012,0.0679012345679012,0.05555555555555558,0.08024691358024694,0.07407407407407407,0.07407407407407407
11.0,8.0,7.0,7.0,8.0,9.0,7.0,8.0,6.0,6.0,7.0,8.0,6.0,9.0,7.0,8.0,6.0,10.0,8.0,11.0,8.0,7.0,6.0,11.0,7.0,7.0,8.0,8.0,8.0,6.0

