f1_macro,accuracy,mcr,size,vector
0.9583333333333334,0.9583333333333334,0.9583333333333334,0.9166666666666666,0.9166666666666666,0.9583333333333334,0.9583333333333334,0.9166666666666666,0.9583333333333334,0.9166666666666666,0.9166666666666666,0.9166666666666666,0.9166666666666666,0.8333333333333334,0.9166666666666666,0.9583333333333334,0.9583333333333334,0.9583333333333334,0.9583333333333334,0.9583333333333334,0.9583333333333334,0.9166666666666666,0.9583333333333334,0.9583333333333334,0.9583333333333334,0.9583333333333334,0.875,0.875,0.9583333333333334,0.9583333333333334,0.9583333333333334,0.9583333333333334
0.8230958230958231,0.8230958230958231,0.9163763066202091,0.8500000000000001,0.8230958230958231,0.8230958230958231,0.8230958230958231,0.7948717948717948,0.8230958230958231,0.7491289198606272,0.8736842105263158,0.8736842105263158,0.7,0.9316239316239316,0.8500000000000001,0.8230958230958231,0.8500000000000001,0.8230958230958231,0.8230958230958231,0.8230958230958231,0.7491289198606272,1.0,0.9316239316239316,0.8500000000000001,0.8500000000000001,0.7,0.8230958230958231,0.8500000000000001,0.8230958230958231,0.8230958230958231
0.875,0.875,0.9583333333333334,0.9166666666666666,0.875,0.875,0.875,0.875,0.875,0.875,0.9166666666666666,0.9166666666666666,0.8333333333333334,0.9583333333333334,0.9166666666666666,0.875,0.9166666666666666,0.875,0.875,0.875,0.875,1.0,0.9583333333333334,0.9166666666666666,0.9166666666666666,0.8333333333333334,0.875,0.9166666666666666,0.875,0.875
0.125,0.125,0.04166666666666663,0.08333333333333337,0.125,0.125,0.125,0.125,0.125,0.125,0.08333333333333337,0.08333333333333337,0.16666666666666663,0.04166666666666663,0.08333333333333337,0.125,0.08333333333333337,0.125,0.125,0.125,0.125,0.0,0.04166666666666663,0.08333333333333337,0.08333333333333337,0.16666666666666663,0.125,0.08333333333333337,0.125,0.125
2.0,2.0,4.0,2.0,6.0,2.0,2.0,15.0,2.0,3.0,3.0,3.0,2.0,4.0,3.0,2.0,3.0,2.0,2.0,2.0,3.0,3.0,4.0,3.0,3.0,4.0,2.0,3.0,3.0,2.0

