f1_macro,accuracy,mcr,size,vector
0.9163763066202091,0.9163763066202091,0.9163763066202091,0.9163763066202091,0.9163763066202091,0.9163763066202091,0.9163763066202091,0.8095238095238095,0.9163763066202091,0.8095238095238095,0.9163763066202091,0.8095238095238095,0.9163763066202091,0.8095238095238095,0.9163763066202091,0.9163763066202091,0.8500000000000001,0.9163763066202091,0.9163763066202091,0.9163763066202091,0.9163763066202091,0.9163763066202091,0.9163763066202091,0.9163763066202091,0.9163763066202091,0.9163763066202091,0.7,0.6651162790697674,0.8095238095238095,0.8095238095238095,0.8095238095238095,0.8095238095238095
0.9316239316239316,0.8500000000000001,0.9316239316239316,0.9163763066202091,0.7948717948717948,1.0,0.9163763066202091,0.8736842105263158,0.9163763066202091,0.7491289198606272,1.0,0.9316239316239316,1.0,0.9316239316239316,1.0,0.7491289198606272,0.9163763066202091,0.9163763066202091,1.0,1.0,0.8500000000000001,0.8500000000000001,0.9163763066202091,0.9316239316239316,0.8500000000000001,0.41463414634146345,0.7491289198606272,0.4285714285714286,0.7473684210526316,0.8500000000000001
0.9583333333333334,0.9166666666666666,0.9583333333333334,0.9583333333333334,0.875,1.0,0.9583333333333334,0.9166666666666666,0.9583333333333334,0.875,1.0,0.9583333333333334,1.0,0.9583333333333334,1.0,0.875,0.9583333333333334,0.9583333333333334,1.0,1.0,0.9166666666666666,0.9166666666666666,0.9583333333333334,0.9583333333333334,0.9166666666666666,0.7083333333333334,0.875,0.75,0.8333333333333334,0.9166666666666666
0.04166666666666663,0.08333333333333337,0.04166666666666663,0.04166666666666663,0.125,0.0,0.04166666666666663,0.08333333333333337,0.04166666666666663,0.125,0.0,0.04166666666666663,0.0,0.04166666666666663,0.0,0.125,0.04166666666666663,0.04166666666666663,0.0,0.0,0.08333333333333337,0.08333333333333337,0.04166666666666663,0.04166666666666663,0.08333333333333337,0.29166666666666663,0.125,0.25,0.16666666666666663,0.08333333333333337
5.0,5.0,7.0,5.0,5.0,5.0,6.0,6.0,6.0,7.0,3.0,11.0,5.0,5.0,4.0,8.0,7.0,6.0,5.0,6.0,4.0,7.0,6.0,3.0,5.0,10.0,11.0,8.0,12.0,14.0

