f1_macro,accuracy,mcr,size,vector
1.0,0.9814814814814815,0.9814814814814815,0.9814814814814815,0.9814814814814815,0.9814814814814815,0.9814814814814815,0.9814814814814815,0.9629629629629629,0.9814814814814815,1.0,0.9629629629629629,0.9629629629629629,0.9629629629629629,0.9814814814814815,0.9814814814814815,0.9814814814814815,0.9814814814814815,0.9814814814814815,0.9629629629629629,0.9814814814814815,0.9814814814814815,0.9814814814814815,0.9814814814814815,1.0,0.9629629629629629,0.9814814814814815,0.9629629629629629,0.9814814814814815,1.0,0.9814814814814815,0.9814814814814815
1.0,0.9807538091419407,1.0,0.8875000000000001,0.943351691581432,0.943351691581432,0.853017454905732,0.9625,0.9108689334495786,0.9635716361522814,1.0,0.981117230527144,0.9273148148148148,0.9657894736842105,0.8592428134024059,0.8576023391812866,0.9273148148148148,0.9253995931415288,0.9635716361522814,0.981117230527144,0.8718236012353658,0.8576023391812866,0.9124373710580608,1.0,0.981117230527144,0.9827242524916944,0.9065892815892815,1.0,0.8872275501307759,0.8576023391812866
1.0,0.9814814814814815,1.0,0.8888888888888888,0.9444444444444444,0.9444444444444444,0.8518518518518519,0.9629629629629629,0.9074074074074074,0.9629629629629629,1.0,0.9814814814814815,0.9259259259259259,0.9629629629629629,0.8518518518518519,0.8518518518518519,0.9259259259259259,0.9259259259259259,0.9629629629629629,0.9814814814814815,0.8703703703703703,0.8518518518518519,0.9074074074074074,1.0,0.9814814814814815,0.9814814814814815,0.9074074074074074,1.0,0.8888888888888888,0.8518518518518519
0.0,0.01851851851851849,0.0,0.11111111111111116,0.05555555555555558,0.05555555555555558,0.14814814814814814,0.03703703703703709,0.09259259259259256,0.03703703703703709,0.0,0.01851851851851849,0.07407407407407407,0.03703703703703709,0.14814814814814814,0.14814814814814814,0.07407407407407407,0.07407407407407407,0.03703703703703709,0.01851851851851849,0.12962962962962965,0.14814814814814814,0.09259259259259256,0.0,0.01851851851851849,0.01851851851851849,0.09259259259259256,0.0,0.11111111111111116,0.14814814814814814
6.0,6.0,9.0,7.0,6.0,7.0,7.0,5.0,2.0,6.0,6.0,6.0,4.0,5.0,5.0,5.0,4.0,3.0,6.0,6.0,6.0,4.0,5.0,6.0,6.0,6.0,7.0,6.0,6.0,4.0

