f1_macro,accuracy,mcr,size,vector
0.7322834645669292,0.7440944881889764,0.7204724409448819,0.7322834645669292,0.7362204724409449,0.7362204724409449,0.7519685039370079,0.7440944881889764,0.7362204724409449,0.7401574803149606,0.7401574803149606,0.6968503937007874,0.7125984251968503,0.6850393700787402,0.7322834645669292,0.7519685039370079,0.7322834645669292,0.7440944881889764,0.7440944881889764,0.7519685039370079,0.7165354330708661,0.7125984251968503,0.7244094488188977,0.7244094488188977,0.7244094488188977,0.7440944881889764,0.7165354330708661,0.6929133858267716,0.7362204724409449,0.7322834645669292,0.7283464566929134,0.7362204724409449
0.6882853957636565,0.7060727446937615,0.6901633621719662,0.7260299630275466,0.6840795867710041,0.6884320756462934,0.7124479096802502,0.7136042521735841,0.7029988711309821,0.705406813888346,0.7159687280127599,0.7201124038919506,0.7292720108288918,0.6877774588595484,0.7159687280127599,0.7051265305789742,0.7136042521735841,0.7278765338149364,0.7162169036047832,0.6824577539991841,0.6592794953701586,0.6900274026228225,0.7202123850444746,0.6844533100140158,0.7124479096802502,0.6879072216028738,0.7152004089095363,0.76080108286851,0.6901348562512928,0.6852801267500199
0.6889763779527559,0.7086614173228346,0.6929133858267716,0.7283464566929134,0.6811023622047244,0.6889763779527559,0.7125984251968503,0.7165354330708661,0.7047244094488189,0.7086614173228346,0.7165354330708661,0.7204724409448819,0.7322834645669292,0.6889763779527559,0.7165354330708661,0.7086614173228346,0.7165354330708661,0.7283464566929134,0.7165354330708661,0.6811023622047244,0.65748031496063,0.6850393700787402,0.7165354330708661,0.6850393700787402,0.7125984251968503,0.6850393700787402,0.7165354330708661,0.7598425196850394,0.6889763779527559,0.6850393700787402
0.3110236220472441,0.2913385826771654,0.30708661417322836,0.2716535433070866,0.3188976377952756,0.3110236220472441,0.28740157480314965,0.2834645669291339,0.29527559055118113,0.2913385826771654,0.2834645669291339,0.27952755905511806,0.26771653543307083,0.3110236220472441,0.2834645669291339,0.2913385826771654,0.2834645669291339,0.2716535433070866,0.2834645669291339,0.3188976377952756,0.34251968503937,0.31496062992125984,0.2834645669291339,0.31496062992125984,0.28740157480314965,0.31496062992125984,0.2834645669291339,0.24015748031496065,0.3110236220472441,0.31496062992125984
13.0,11.0,11.0,13.0,11.0,13.0,14.0,11.0,10.0,10.0,15.0,7.0,9.0,8.0,15.0,8.0,11.0,14.0,10.0,8.0,8.0,10.0,10.0,12.0,14.0,10.0,11.0,9.0,11.0,14.0

