f1_macro,accuracy,mcr,size,vector
0.983239053006495,0.9807538091419407,0.9807538091419407,0.983239053006495,0.9807538091419407,0.9807538091419407,0.983239053006495,0.983239053006495,0.9807538091419407,0.983239053006495,0.9807538091419407,1.0,0.963623722244412,0.983239053006495,1.0,0.983239053006495,0.983239053006495,0.983239053006495,1.0,0.983239053006495,0.983239053006495,0.983239053006495,0.983239053006495,0.983239053006495,0.9807538091419407,0.983239053006495,1.0,0.963623722244412,0.983239053006495,1.0,0.983239053006495,1.0
0.943351691581432,0.9249999999999999,0.8157407407407407,0.9221563026441076,0.9443785248663298,1.0,1.0,0.9269005847953217,0.9625,0.8958416544623442,0.8875000000000001,1.0,0.981117230527144,1.0,0.981117230527144,0.9440559440559441,0.9452526132404181,1.0,0.8958416544623442,1.0,0.9084434084434084,0.9443785248663298,0.8958416544623442,1.0,0.9247622006242696,1.0,0.943351691581432,1.0,0.9625,1.0
0.9444444444444444,0.9259259259259259,0.8148148148148148,0.9259259259259259,0.9444444444444444,1.0,1.0,0.9259259259259259,0.9629629629629629,0.8888888888888888,0.8888888888888888,1.0,0.9814814814814815,1.0,0.9814814814814815,0.9444444444444444,0.9444444444444444,1.0,0.8888888888888888,1.0,0.9074074074074074,0.9444444444444444,0.8888888888888888,1.0,0.9259259259259259,1.0,0.9444444444444444,1.0,0.9629629629629629,1.0
0.05555555555555558,0.07407407407407407,0.18518518518518523,0.07407407407407407,0.05555555555555558,0.0,0.0,0.07407407407407407,0.03703703703703709,0.11111111111111116,0.11111111111111116,0.0,0.01851851851851849,0.0,0.01851851851851849,0.05555555555555558,0.05555555555555558,0.0,0.11111111111111116,0.0,0.09259259259259256,0.05555555555555558,0.11111111111111116,0.0,0.07407407407407407,0.0,0.05555555555555558,0.0,0.03703703703703709,0.0
8.0,8.0,8.0,5.0,6.0,9.0,7.0,8.0,7.0,4.0,7.0,6.0,9.0,6.0,8.0,7.0,5.0,6.0,4.0,6.0,6.0,7.0,4.0,6.0,6.0,6.0,8.0,6.0,7.0,6.0

