f1_macro,accuracy,mcr,size,vector
0.983239053006495,1.0,1.0,1.0,1.0,1.0,1.0,0.983239053006495,0.983239053006495,1.0,0.983239053006495,0.983239053006495,0.963623722244412,0.9807538091419407,1.0,1.0,1.0,1.0,1.0,1.0,1.0,1.0,1.0,1.0,0.983239053006495,0.983239053006495,0.983239053006495,0.9807538091419407,1.0,1.0,1.0,1.0
0.9249999999999999,1.0,1.0,1.0,1.0,1.0,1.0,1.0,0.9221563026441076,1.0,1.0,1.0,0.9619047619047619,1.0,1.0,1.0,1.0,1.0,1.0,1.0,1.0,1.0,1.0,1.0,1.0,1.0,1.0,1.0,1.0,1.0
0.9259259259259259,1.0,1.0,1.0,1.0,1.0,1.0,1.0,0.9259259259259259,1.0,1.0,1.0,0.9629629629629629,1.0,1.0,1.0,1.0,1.0,1.0,1.0,1.0,1.0,1.0,1.0,1.0,1.0,1.0,1.0,1.0,1.0
0.07407407407407407,0.0,0.0,0.0,0.0,0.0,0.0,0.0,0.07407407407407407,0.0,0.0,0.0,0.03703703703703709,0.0,0.0,0.0,0.0,0.0,0.0,0.0,0.0,0.0,0.0,0.0,0.0,0.0,0.0,0.0,0.0,0.0
7.0,6.0,6.0,6.0,6.0,6.0,6.0,6.0,5.0,6.0,6.0,6.0,9.0,6.0,6.0,6.0,6.0,6.0,6.0,6.0,6.0,6.0,6.0,6.0,6.0,6.0,6.0,6.0,6.0,6.0

