f1_macro,accuracy,mcr,size,vector
0.8537025888019265,0.9349832775919732,0.8217821782178217,0.8916387959866221,0.9349832775919732,0.8916387959866221,0.848294314381271,0.8916387959866221,0.8217821782178217,0.8829986999855555,0.8916387959866221,0.82,0.7893976599739998,0.7561709813365443,0.8916387959866221,0.9349832775919732,0.8537025888019265,0.8916387959866221,0.8916387959866221,0.8916387959866221,0.8217821782178217,0.8916387959866221,0.9349832775919732,0.865,0.8217821782178217,0.82,0.7561709813365443,0.7058823529411764,0.8916387959866221,0.8537025888019265,0.8537025888019265,0.8217821782178217
0.6924935289042278,0.6470588235294118,0.6055194805194806,0.6470588235294118,0.6470588235294118,0.6924935289042278,0.545631067961165,0.6924935289042278,0.6470588235294118,0.6470588235294118,0.6470588235294118,0.6924935289042278,0.6924935289042278,0.6924935289042278,0.6470588235294118,0.6924935289042278,0.6924935289042278,0.6470588235294118,0.6924935289042278,0.6055194805194806,0.6924935289042278,0.6470588235294118,0.6924935289042278,0.5964744203870473,0.6470588235294118,0.6802631578947369,0.6470588235294118,0.6924935289042278,0.6924935289042278,0.5964744203870473
0.9320987654320988,0.9259259259259259,0.9259259259259259,0.9259259259259259,0.9259259259259259,0.9320987654320988,0.9197530864197531,0.9320987654320988,0.9259259259259259,0.9259259259259259,0.9259259259259259,0.9320987654320988,0.9320987654320988,0.9320987654320988,0.9259259259259259,0.9320987654320988,0.9320987654320988,0.9259259259259259,0.9320987654320988,0.9259259259259259,0.9320987654320988,0.9259259259259259,0.9320987654320988,0.9197530864197531,0.9259259259259259,0.9259259259259259,0.9259259259259259,0.9320987654320988,0.9320987654320988,0.9197530864197531
0.0679012345679012,0.07407407407407407,0.07407407407407407,0.07407407407407407,0.07407407407407407,0.0679012345679012,0.08024691358024694,0.0679012345679012,0.07407407407407407,0.07407407407407407,0.07407407407407407,0.0679012345679012,0.0679012345679012,0.0679012345679012,0.07407407407407407,0.0679012345679012,0.0679012345679012,0.07407407407407407,0.0679012345679012,0.07407407407407407,0.0679012345679012,0.07407407407407407,0.0679012345679012,0.08024691358024694,0.07407407407407407,0.07407407407407407,0.07407407407407407,0.0679012345679012,0.0679012345679012,0.08024691358024694
7.0,7.0,11.0,6.0,7.0,7.0,11.0,7.0,7.0,7.0,6.0,7.0,7.0,7.0,7.0,7.0,7.0,6.0,7.0,11.0,7.0,7.0,7.0,13.0,7.0,11.0,6.0,7.0,7.0,13.0

