f1_macro,accuracy,mcr,size,vector
0.8500000000000001,0.8500000000000001,0.8095238095238095,0.8500000000000001,0.8095238095238095,0.8095238095238095,0.8095238095238095,0.8095238095238095,0.8095238095238095,0.8095238095238095,0.8095238095238095,0.8095238095238095,0.8095238095238095,0.8095238095238095,0.8095238095238095,0.9163763066202091,0.8095238095238095,0.9163763066202091,0.8095238095238095,0.8095238095238095,0.9163763066202091,0.8095238095238095,0.8095238095238095,0.8095238095238095,0.8095238095238095,0.8095238095238095,0.7491289198606272,0.8095238095238095,0.9163763066202091,0.8095238095238095,0.8095238095238095,0.8095238095238095
0.9316239316239316,0.8230958230958231,0.7473684210526316,0.8230958230958231,0.7491289198606272,0.6210526315789474,0.44186046511627913,0.7473684210526316,0.7473684210526316,0.8500000000000001,0.7473684210526316,0.7473684210526316,0.44186046511627913,0.8736842105263158,0.9163763066202091,0.6190476190476191,0.9316239316239316,0.4285714285714286,0.6581196581196581,0.9316239316239316,0.5818815331010453,0.7473684210526316,0.8500000000000001,0.7948717948717948,0.7473684210526316,0.7491289198606272,1.0,0.7948717948717948,0.7948717948717948,0.6581196581196581
0.9583333333333334,0.875,0.8333333333333334,0.875,0.875,0.75,0.7916666666666666,0.8333333333333334,0.8333333333333334,0.9166666666666666,0.8333333333333334,0.8333333333333334,0.7916666666666666,0.9166666666666666,0.9583333333333334,0.8333333333333334,0.9583333333333334,0.75,0.7916666666666666,0.9583333333333334,0.7916666666666666,0.8333333333333334,0.9166666666666666,0.875,0.8333333333333334,0.875,1.0,0.875,0.875,0.7916666666666666
0.04166666666666663,0.125,0.16666666666666663,0.125,0.125,0.25,0.20833333333333337,0.16666666666666663,0.16666666666666663,0.08333333333333337,0.16666666666666663,0.16666666666666663,0.20833333333333337,0.08333333333333337,0.04166666666666663,0.16666666666666663,0.04166666666666663,0.25,0.20833333333333337,0.04166666666666663,0.20833333333333337,0.16666666666666663,0.08333333333333337,0.125,0.16666666666666663,0.125,0.0,0.125,0.125,0.20833333333333337
8.0,10.0,12.0,10.0,14.0,13.0,10.0,10.0,11.0,11.0,10.0,11.0,11.0,9.0,5.0,11.0,6.0,13.0,11.0,7.0,11.0,11.0,12.0,10.0,7.0,10.0,7.0,10.0,10.0,10.0

