f1_macro,accuracy,mcr,size,vector
0.9258815303166517,0.92687493840544,0.9391504018369691,0.937720329024677,0.937720329024677,0.9158730158730158,0.92687493840544,0.92687493840544,0.92687493840544,0.9286195286195287,0.9158730158730158,0.8933601609657948,0.8658880778588807,0.8335949764521193,0.9158730158730158,0.937720329024677,0.937720329024677,0.9277858880778589,0.937720329024677,0.92687493840544,0.937720329024677,0.9277858880778589,0.9158730158730158,0.9258815303166517,0.8933601609657948,0.8484477124183006,0.8623514134452103,0.8835281190690241,0.9477678131467429,0.9477678131467429,0.9258815303166517,0.92687493840544
0.8899958488999584,0.9018013381369017,0.8818283166109253,0.8657094594594594,0.924799837843316,0.9033140772271206,0.8779696493982208,0.8779696493982208,0.8899958488999584,0.8818283166109253,0.9133986928104575,0.8679950186799501,0.8818283166109253,0.8779696493982208,0.9133986928104575,0.924799837843316,0.8176344086021505,0.9133986928104575,0.85578231292517,0.8799794132784354,0.9258815303166517,0.8899958488999584,0.8679950186799501,0.8679950186799501,0.9133986928104575,0.8779696493982208,0.8679950186799501,0.8679950186799501,0.8818283166109253,0.8657094594594594
0.9056603773584906,0.9150943396226415,0.8962264150943396,0.8867924528301887,0.9339622641509434,0.9150943396226415,0.8962264150943396,0.8962264150943396,0.9056603773584906,0.8962264150943396,0.9245283018867925,0.8867924528301887,0.8962264150943396,0.8962264150943396,0.9245283018867925,0.9339622641509434,0.8490566037735849,0.9245283018867925,0.8773584905660378,0.8962264150943396,0.9339622641509434,0.9056603773584906,0.8867924528301887,0.8867924528301887,0.9245283018867925,0.8962264150943396,0.8867924528301887,0.8867924528301887,0.8962264150943396,0.8867924528301887
0.09433962264150941,0.08490566037735847,0.10377358490566035,0.1132075471698113,0.06603773584905659,0.08490566037735847,0.10377358490566035,0.10377358490566035,0.09433962264150941,0.10377358490566035,0.07547169811320753,0.1132075471698113,0.10377358490566035,0.10377358490566035,0.07547169811320753,0.06603773584905659,0.15094339622641506,0.07547169811320753,0.12264150943396224,0.10377358490566035,0.06603773584905659,0.09433962264150941,0.1132075471698113,0.1132075471698113,0.07547169811320753,0.10377358490566035,0.1132075471698113,0.1132075471698113,0.10377358490566035,0.1132075471698113
9.0,11.0,3.0,12.0,7.0,5.0,10.0,10.0,10.0,3.0,6.0,6.0,4.0,12.0,6.0,7.0,7.0,6.0,10.0,10.0,4.0,11.0,5.0,6.0,8.0,6.0,5.0,6.0,5.0,10.0

