f1_macro,accuracy,mcr,size,vector
1.0,1.0,0.983239053006495,1.0,1.0,0.983239053006495,1.0,0.983239053006495,0.983239053006495,1.0,0.983239053006495,1.0,0.963623722244412,0.9807538091419407,1.0,0.983239053006495,0.983239053006495,0.983239053006495,0.983239053006495,1.0,1.0,1.0,1.0,1.0,0.9807538091419407,1.0,0.963623722244412,0.9807538091419407,0.983239053006495,1.0,0.983239053006495,1.0
1.0,1.0,1.0,1.0,1.0,0.9625,1.0,1.0,0.9443785248663298,1.0,0.9247622006242696,1.0,0.9625,1.0,0.9247622006242696,0.9065892815892815,0.943351691581432,0.9443785248663298,1.0,1.0,1.0,1.0,1.0,1.0,1.0,1.0,0.9625,1.0,0.9452526132404181,1.0
1.0,1.0,1.0,1.0,1.0,0.9629629629629629,1.0,1.0,0.9444444444444444,1.0,0.9259259259259259,1.0,0.9629629629629629,1.0,0.9259259259259259,0.9074074074074074,0.9444444444444444,0.9444444444444444,1.0,1.0,1.0,1.0,1.0,1.0,1.0,1.0,0.9629629629629629,1.0,0.9444444444444444,1.0
0.0,0.0,0.0,0.0,0.0,0.03703703703703709,0.0,0.0,0.05555555555555558,0.0,0.07407407407407407,0.0,0.03703703703703709,0.0,0.07407407407407407,0.09259259259259256,0.05555555555555558,0.05555555555555558,0.0,0.0,0.0,0.0,0.0,0.0,0.0,0.0,0.03703703703703709,0.0,0.05555555555555558,0.0
6.0,6.0,6.0,6.0,6.0,5.0,6.0,6.0,7.0,6.0,6.0,6.0,7.0,6.0,6.0,6.0,7.0,6.0,6.0,6.0,6.0,6.0,6.0,6.0,6.0,6.0,8.0,6.0,6.0,6.0

